,Coefficient,Std_Error,t_stat,p_value
Intercept,72.47027027027025,0.5577848390909713,129.92513455255602,0.0
treatment,0.13050492352813936,0.7608122058049834,0.17153368798816468,0.863877040963603
post,4.149549549549562,0.7888268843285453,5.260405840606822,2.1768979463167242e-07
treatment:post,7.224093861303219,1.0759509398684002,6.714148009561477,5.4013608806379435e-11
