Group,Impact
Girl,7.534608425949861
Boy,6.882019704433519
