Group,Impact
P5,7.419373219373183
P6,7.028892543859653
