,Coefficient,Std_Error,t_stat,p_value
Intercept,72.70294117647062,0.7192776906699978,101.07770909556332,7.649595241362116e-282
treatment,-0.10216598267213002,0.888863040305063,-0.11494007292401995,0.9085517750237875
post,3.857352941176437,1.0172122652579085,3.7920826094231437,0.00017305924927699874
treatment:post,7.516290469676202,1.2570421666916012,5.979346332874627,5.065656832442868e-09
